{"flutter":{"platforms":{"android":{"default":{"projectId":"medi-app-5443a","appId":"1:213216410794:android:2e3ab04a05bea97264a4d3","fileOutput":"android/app/google-services.json"}},"dart":{"lib/firebase_options.dart":{"projectId":"medi-app-5443a","configurations":{"android":"1:213216410794:android:2e3ab04a05bea97264a4d3","ios":"1:213216410794:ios:995078dd6cd69d7564a4d3","macos":"1:213216410794:ios:995078dd6cd69d7564a4d3","web":"1:213216410794:web:2fa8842438af958764a4d3","windows":"1:213216410794:web:5453cfbf0dc9576764a4d3"}}}}}}