{
  "project_info": {
    "project_number": "213216410794",
    "project_id": "medi-app-5443a",
    "storage_bucket": "medi-app-5443a.appspot.com"
  },
  "client": [
    {
      "client_info": {
        "mobilesdk_app_id": "1:213216410794:android:2e3ab04a05bea97264a4d3",
        "android_client_info": {
          "package_name": "com.example.medi_app"
        }
      },
      "oauth_client": [],
      "api_key": [
        {
          "current_key": "AIzaSyAcb94H3fug8LBosNov0uQGgRRNMuBIbvw"
        }
      ],
      "services": {
        "appinvite_service": {
          "other_platform_oauth_client": []
        }
      }
    }
  ],
  "configuration_version": "1"
}